{
  "id": "V1",
  "average_speed": 60.0,
  "total_messages": 1500,
  "collisions": 0,
  "hash_performance": {
    "sha256": 9.493755242147017e-07,
    "md5": 9.535405370115769e-07,
    "sha1": 7.680145608901511e-07,
    "blake2b": 9.829640403040685e-07,
    "sha3_256": 1.204850555950543e-06
  }
}