{
  "id": "V2",
  "average_speed": 55.0,
  "total_messages": 1500,
  "collisions": 0,
  "hash_performance": {
    "sha256": 8.901500004867557e-07,
    "md5": 8.793475135462359e-07,
    "sha1": 8.222405849664938e-07,
    "blake2b": 1.0439729230711237e-06,
    "sha3_256": 1.270902059332002e-06
  }
}