{
  "id": "V3",
  "average_speed": 65.0,
  "total_messages": 1500,
  "collisions": 0,
  "hash_performance": {
    "sha256": 9.588415305188391e-07,
    "md5": 9.863539889920502e-07,
    "sha1": 7.919905910966917e-07,
    "blake2b": 8.683474807185121e-07,
    "sha3_256": 1.3626979707623832e-06
  }
}