{
  "id": "V4",
  "average_speed": 50.0,
  "total_messages": 1500,
  "collisions": 0,
  "hash_performance": {
    "sha256": 9.25769407331245e-07,
    "md5": 8.899825224943925e-07,
    "sha1": 7.628000057593454e-07,
    "blake2b": 8.933179851737805e-07,
    "sha3_256": 1.1412618987378663e-06
  }
}